"NoW March 13, 2019",0
GAMES,0
"Take-Two settles copyright case with another GTA V cheat creator: Defendant Erik Cameron acknowledges violations, pays undisclosed settlement",https://www.gamesindustry.biz/articles/2019-03-12-take-two-settles-copyright-case-with-another-gta-v-cheat-creator
Take-Two Interactive shares jump after Sony acquisition rumors ,http://www.gamasutra.com/view/news/338584/TakeTwo_Interactive_shares_jump_after_Sony_acquisition_rumors.php
"About those rumors Sony is buying Take-Two...: How ""purely unconfirmed market speculation"" turns into headlines around the industry",https://www.gamesindustry.biz/articles/2019-03-13-about-those-rumors-sony-is-buying-take-two
Sega pulls Judgment from sale in Japan following drug arrest ,http://www.gamasutra.com/view/news/338552/Sega_pulls_Judgment_from_sale_in_Japan_following_drug_arrest.php
Sega pulls Judgment from sale in Japan after actor arrested for alleged cocaine use: Publisher is considering next move after Pierre Taki admits to violating nation's drug laws,https://www.gamesindustry.biz/articles/2019-03-13-sega-pulls-judgment-from-sale-in-japan-after-actor-arrested-for-alleged-cocaine-use
Anita Sarkeesian talks about exposing gaming’s most toxic trends with sheer data,https://arstechnica.com/gaming/2019/03/anita-sarkeesian-on-battling-negative-tropes-with-data-imagining-new-worlds/
"Inclusion in games a pressing concern for players, according to survey ",http://www.gamasutra.com/view/news/338465/Inclusion_in_games_a_pressing_concern_for_players_according_to_survey.php
Spyro Reignited Trilogy now features subtitles in cutscenes,http://www.gamasutra.com/view/news/338591/Spyro_Reignited_Trilogy_now_features_subtitles_in_cutscenes.php
Activision adds classic Spyro subtitles months after fan outcry [Updated],https://arstechnica.com/gaming/2019/03/spyro-remaster-skips-subtitles-leaves-hard-of-hearing-gamers-in-the-cold/
War Child UK's Armistice fundraiser raised $380k in 2018,http://www.gamasutra.com/view/news/338490/War_Child_UKs_Armistice_fundraiser_raised_380k_in_2018.php
The 'equal pay and equal say' structure of the game dev studio KO_OP ,http://www.gamasutra.com/view/news/338495/The_equal_pay_and_equal_say_structure_of_the_game_dev_studio_KOOP.php
Don't Miss: Dealing with the scourge of burnout in game dev ,https://www.gamasutra.com/view/news/314419/The_Fire_Fades_Dealing_with_the_scourge_of_burnout_in_game_dev.php
EA says it failed in response to Sims influencer’s alleged sexual harassment,https://arstechnica.com/gaming/2019/03/ea-apologizes-for-slow-response-to-sims-influencers-alleged-sexual-harassment/
"EA apologises for delay in dealing with Sims community sexual predator: ""We are disappointed in how events have unfolded and we own our responsibility to that,"" says The Sims general manager",https://www.gamesindustry.biz/articles/2019-03-12-ea-apologises-for-delay-in-dealing-with-sims-community-sexual-predator
"Respawn has banned 355,000 in 'ongoing war' againstApex Legends cheaters ",http://www.gamasutra.com/view/news/338374/Respawn_has_banned_355000_in_ongoing_war_against_Apex_Legends_cheaters.php
"Respawn has banned over 355,000 Apex Legends cheaters since launch: ""We take cheating very seriously and care deeply about the health of Apex Legends for all players,"" says developer",https://www.gamesindustry.biz/articles/2019-03-11-apex-legends-has-banned-over-355-000-cheaters-in-a-monther
"MrBeast Drops Video Of Real Life, EA-Sponsored ‘Apex Legends’ Battle Starring 39 YouTubers Competing For $200,000",https://www.tubefilter.com/2019/03/13/mrbeast-ea-apex-legends-sponsorship-youtubers/
"App Annie: Tencent retains spot as top revenue-earning publisher for third year - NetEase takes second once more, Activision Blizzard rises to No. 3",https://www.gamesindustry.biz/articles/2019-03-12-app-annie-tencent-retains-spot-as-top-revenue-earning-publisher-for-third-year
NetEase and Tencent included in latest round of China game approvals ,http://www.gamasutra.com/view/news/338392/NetEase_and_Tencent_included_in_latest_round_of_China_game_approvals.php
Ninja reportedly earned $1m for promotion of Apex Legends: Top streamer Tyler Blevins one of the few paid for promotion of EA and Respawn's surprise release battle royale,https://www.gamesindustry.biz/articles/2019-03-13-ninja-reportedly-earned-USD1m-for-promotion-of-apex-legends
"Celebrities drop Fortnite dance lawsuits, but only temporarily ",http://www.gamasutra.com/view/news/338383/Celebrities_drop_Fortnite_dance_lawsuits_but_only_temporarily.php
Fortnite adjusts cross-platform play to separate out Switch and mobile users: Xbox One and PS4 players will be together by default with Switch and mobile in their own pool,https://www.gamesindustry.biz/articles/2019-03-13-fortnite-adjusts-cross-platform-play-to-separate-out-switch-and-mobile-users
‘The Carlton’ Dances Its Way Out of Copyright Protection,https://www.lexology.com/library/detail.aspx?g=1cb9ac67-397f-43f2-bd91-f483067c2037
"2 Milly, Alfonso Ribeiro, others drop lawsuits against Epic Games over dances: Supreme Court ruling on copyright law forces plaintiffs to wait for dances to be granted copyright registration",https://www.gamesindustry.biz/articles/2019-03-09-2-milly-alfonso-ribeiro-others-drop-lawsuits-against-epic-games-over-dances
"Valve removes rape fantasy game from Steam: ""We think 'Rape Day' poses unknown costs and risks and therefore won't be on Steam""",https://www.gamesindustry.biz/articles/2019-03-06-valve-removes-rape-fantasy-game-from-steam
"With Rape Day ban, Steam shows it’s not as “hands off” as it claims",https://arstechnica.com/gaming/2019/03/with-rape-day-ban-steam-shows-its-not-as-hands-off-as-it-claims/
"UK politician calls for review of Steam, sexually violent content ",http://www.gamasutra.com/view/news/338249/UK_politician_calls_for_review_of_Steam_sexually_violent_content.php
"Rape Day prompts call for UK government review: British MP questions how Valve is ""able to get away with this kind of stupidity""",https://www.gamesindustry.biz/articles/2019-03-07-rape-day-prompts-call-for-uk-government-review
When good monetization meets bad ethics: Riot Games' Leanne Loombe says the industry needs to be driven by more than revenue to avoid regulation,https://www.gamesindustry.biz/articles/2019-03-12-when-good-monetization-meets-bad-ethics
"Building a better world through games: Riot's Soha El-Sabaawi, Microsoft's Gabi Michel, Tru Luv's Brie Code, and Ubisoft's Kaitlin Tremblay discuss challenges and strategies for making the industry and the world beyond it a better place",https://www.gamesindustry.biz/articles/2019-03-07-building-a-better-world-through-games
New Microsoft app lets users stream PC games to an Xbox One ,http://www.gamasutra.com/view/news/338592/New_Microsoft_app_lets_users_stream_PC_games_to_an_Xbox_One.php
PS4 Remote Play is now possible on iPhones and iPads,http://www.gamasutra.com/view/news/338236/PS4_Remote_Play_is_now_possible_on_iPhones_and_iPads.php
Newest PS4 Update Lets You Stream Your PS4 Screen To iOS Devices,https://ca.ign.com/articles/2019/03/07/newest-ps4-update-lets-you-stream-your-ps4-screen-to-ios-devices
You can now play PlayStation 4 games on your iPhone,https://arstechnica.com/gaming/2019/03/iphones-get-ps4-remote-play-almost-five-years-after-sony-xperia-android-phones/
"Sony launches PS4 Remote Play for iOS: App allows users to play PS4 games on mobile device, but sans DualShock 4 controllers",https://www.gamesindustry.biz/articles/2019-03-07-sony-launches-ps4-remote-play-for-ios
PlayStation Now launches in 7 more countries,http://www.gamasutra.com/view/news/338466/PlayStation_Now_launches_in_7_more_countries.php
Google patent application describes notification system for multi-device controller: Filing unearthed ahead of big GDC reveal next week,https://www.gamesindustry.biz/articles/2019-03-11-google-patents-notification-system-for-multi-device-controller
Jade Raymond appointed new VP at Google: EA Motive founder joins company just ahead of teased GDC reveal,https://www.gamesindustry.biz/articles/2019-03-12-jade-raymond-appointed-new-vp-of-google
Game industry vet Jade Raymond signs on as a Google VP ,http://www.gamasutra.com/view/news/338511/Game_industry_vet_Jade_Raymond_signs_on_as_a_Google_VP.php
Jade Raymond Named Vice President of Google,https://variety.com/2019/gaming/news/jade-raymond-google-vp-1203161899/
All signs point to a Google game console announcement at GDC,https://arstechnica.com/gadgets/2019/03/all-signs-point-to-a-google-game-console-announcement-at-gdc/
Google Play apps with 150 million installs contain aggressive adware,https://arstechnica.com/information-technology/2019/03/google-play-apps-with-150-million-installs-contains-aggressive-adware/
"Hennig: ""Things are clearly not working the way they used to"" - Uncharted creative director says mass layoffs a red flag that AAA development must change, shift to outsourcing ""feels inevitable""",https://www.gamesindustry.biz/articles/2019-03-07-hennig-things-are-clearly-not-working-the-way-they-used-to
209 were laid off from Blizzard as part of earlier Activision Blizzard cuts ,http://www.gamasutra.com/view/news/338327/209_were_laid_off_from_Blizzard_as_part_of_earlier_Activision_Blizzard_cuts.php
"Blizzard cuts more than 200 US jobs as part of Activision restructure: IT and marketing sees most layoffs, Overwatch firm's cuts account for more than a quarter of planned 800 redundancies",https://www.gamesindustry.biz/articles/2019-03-08-blizzard-cuts-more-than-200-us-jobs-as-part-of-activision-restructure
"Blizzard brings original Diablo to GOG: Game is available now DRM-free, Warcraft and Warcraft II planned as well",https://www.gamesindustry.biz/articles/2019-03-07-blizzard-brings-original-diablo-to-gog
Devil May Cry 5 is Capcom's second UK No.1 of 2019,https://www.gamesindustry.biz/articles/2019-03-12-devil-may-cry-5-is-capcoms-second-uk-no-1-of-2019
Anthem tumbles to No.4,https://www.gamesindustry.biz/articles/2019-03-12-devil-may-cry-5-is-capcoms-second-uk-no-1-of-2019
"Brawl Stars made $150m in its first three months: Supercell's newest game has also passed 75 million installs, biggest audience is US",https://www.gamesindustry.biz/articles/2019-03-13-brawl-stars-made-usd150m-in-its-first-three-months
Marvel Strike Force first-year revenue topped $150 million,http://www.gamasutra.com/view/news/338313/Marvel_Strike_Force_firstyear_revenue_topped_150_million.php
"Octopath Traveler shipped 1.5 million copies, has a mobile prequel on the way ",http://www.gamasutra.com/view/news/338323/Octopath_Traveler_shipped_15_million_copies_has_a_mobile_prequel_on_the_way.php
The Division 2 won't be sold on digital third-party stores following its launch ,http://www.gamasutra.com/view/news/338398/The_Division_2_wont_be_sold_on_digital_thirdparty_stores_following_its_launch.php
EA isn't hosting a press conference at E3 2019 ,http://www.gamasutra.com/view/news/338231/EA_isnt_hosting_a_press_conference_at_E3_2019.php
"EA foregoes EA Play press conference for E3: EA Play will begin the Friday before E3 and focus on hands-on demos, livestreams",https://www.gamesindustry.biz/articles/2019-03-07-ea-foregoes-ea-play-press-conference-for-weekend-event
"Anthem's launch and the power of the sunk-cost fallacy | Opinion: Bioware's latest is one of the most egregiously unfinished and broken launches in many years, but these games often get free pass - for now",https://www.gamesindustry.biz/articles/2019-03-08-anthems-launch-and-the-power-of-the-sunk-cost-fallacy-opinion
"Halo: Master Chief Collection is finally confirmed for PC, will include Reach",https://arstechnica.com/gaming/2019/03/halo-master-chief-collection-is-finally-confirmed-for-pc-will-include-reach/
Game studio funding: The right investor at the right stage ,http://www.gamasutra.com/blogs/JasonDellaRocca/20190312/338412/Game_Studio_Funding_The_Right_Investor_at_the_Right_Stage.php
"""Our whole world fell apart"": The fall of Splendy Games - Simon Sparks offers a cautionary tale of how an ambitious indie collapsed, and the toll it took on his mental health",https://www.gamesindustry.biz/articles/2019-03-13-the-fall-of-splendy-games
Don't let your first game be your last | Opinion: Game Dragons' Philip Oliver advises indies on how to select a project that will set up the future of their studio,https://www.gamesindustry.biz/articles/2019-03-12-dont-let-your-first-game-be-your-last
"Evolving the way we think about community | Opinion: Abusive influencers show companies need to reconsider who they lend their legitimacy to, and how",https://www.gamesindustry.biz/articles/2019-03-13-evolving-the-way-we-think-about-community
SpatialOS dev Improbable is setting up its own game development studios ,http://www.gamasutra.com/view/news/338251/SpatialOS_dev_Improbable_is_setting_up_its_own_game_development_studios.php
"Improbable opens first development studios in London and Edmonton: Former BioWare GM Aaryn Flyn to lead Canadian team, while UK will be headed by former DICE producer John Wasilczyk","../NoW archive/NoW archive/Improbable opens first development studios in London and Edmonton Former BioWare GM Aaryn Flyn to lead Canadian team, while UK will be headed by former DICE producer John Wasilczyk"
"Tim Sweeney: Storefront battle will be won with developer support - Epic Games CEO says PC digital storefronts are ""nearly perfect"" for consumers already",https://www.gamesindustry.biz/articles/2019-03-11-tim-sweeney-storefront-battle-will-be-won-with-developer-support
Epic plans to add an undo button to Fortnite's in-game store ,http://www.gamasutra.com/view/news/338485/Epic_plans_to_add_an_undo_button_to_Fortnites_ingame_store.php
Phoenix Point will be an Epic Games Store exclusive for a year ,http://www.gamasutra.com/view/news/338506/Phoenix_Point_will_be_an_Epic_Games_Store_exclusive_for_a_year.php
Konami building esports centre to help Japan catch up with Western 'pioneers' ,http://www.gamasutra.com/view/news/338320/Konami_building_esports_centre_to_help_Japan_catch_up_with_Western_pioneers.php
"Konami building esports centre in downtown Tokyo: 12-storey building will open doors this November, will offers classes to help grow Japan's esports scene",https://www.gamesindustry.biz/articles/2019-03-08-konami-building-esports-centre-in-downtown-tokyo
How do you spell e-Stadium? ,https://www.lexology.com/library/detail.aspx?g=f006b5c2-e2ea-43bf-84ea-75e14627bc77
"Gaming Luminaries Ninja, DrLupo, And CouRage Sign With Talent Management Firm ‘Loaded’",https://www.tubefilter.com/2019/03/07/ninja-drlupo-courage-talent-management-loaded/
Valve laid off 13 staff and terminated 'a portion' of contracted devs last month ,http://www.gamasutra.com/view/news/338246/Valve_laid_off_13_staff_and_terminated_a_portion_of_contracted_devs_last_month.php
"Valve lays off 13, some involved with VR: Company says layoffs ""do not represent any major changes""",https://www.gamesindustry.biz/articles/2019-03-07-valve-lays-off-13-some-involved-with-vr
"Valve Laid Off Contractors and 13 Employees, Some Working on VR",https://www.roadtovr.com/valve-vr-employee-layoff/
Magic: The Gathering creator Richard Garfield is no longer working on Valve's Artifact ,http://www.gamasutra.com/view/news/338405/Magic_The_Gathering_creator_Richard_Garfield_is_no_longer_working_on_Valves_Artifact.php
"Valve terminates contract with Artifact designer: ""We weren't surprised by the layoff considering how rocky the launch was,"" says Richard Garfield",https://www.gamesindustry.biz/articles/2019-03-11-valve-terminates-contract-with-artifact-designer
GameByte: Parents' increase game spending for their kids by 34% in 2018 - Nintendo Switch is the console children request to spend money on the most,https://www.gamesindustry.biz/articles/2019-03-12-gamebyte-parents-spending-34-percent-more-on-gaming-content-for-their-kids
"Nintendo reportedly asks mobile partners to stop players from spending so much: Company concerned with being perceived as greedy, requests third party developers adjust microtransactions",https://www.gamesindustry.biz/articles/2019-03-07-nintendo-reportedly-asks-mobile-partners-to-stop-players-from-spending-so-much
"Nintendo introduces Nintendo Labo VR Kit: Fourth Labo series kit includes six creations, including VR goggles for ""shareable, simple VR gaming experiences""",https://www.gamesindustry.biz/articles/2019-03-07-nintendo-introduces-nintendo-labo-vr-kit
Brand new Nintendo Labo kits will turn your Switch into a VR headset ,http://www.gamasutra.com/view/news/338220/Brand_new_Nintendo_Labo_kits_will_turn_your_Switch_into_a_VR_headset.php
Nintendo veterans reflect on the risks and rewards of hardware development ,http://www.gamasutra.com/view/news/338568/Nintendo_veterans_reflect_on_the_risks_and_rewards_of_hardware_development.php
Nintendo Jumps into VR (Again) With Switch VR ‘Labo’ Kit Coming in April,https://www.roadtovr.com/nintendo-switch-vr-labo-kit-announcement-april-release/
How VR brought me inside a scary-real radioactive Fukushima reactor: Here’s what it’s like inside the melted down reactors of the Fukushima Daiichi Nuclear Power Plant.,https://www.cnet.com/news/how-vr-brought-inside-a-scary-real-radioactive-fukushima-reactor/
"CAA Continues Foray Into Gaming Creator Space With ‘Criken’, Elspeth Eastman (Exclusive)",https://www.tubefilter.com/2019/03/12/caa-gaming-criken-elspeth-eastman/
Cloud games tech firm Hadean raises £7m,https://www.gamesindustry.biz/articles/2019-03-07-cloud-games-tech-firm-hadean-raises-7m
"Black jackets, sunglasses, and radical accountability as a worker co-op: Scott Benson and Bethany Hockenberry explain why and how The Glory Society follows a ""no bosses needed"" model",https://www.gamesindustry.biz/articles/2019-03-11-the-glory-society-black-jackets-sunglasses-and-radical-accountability
"U.S. Patent No. 6,231,444: Operating device for game machine ",https://www.lexology.com/library/detail.aspx?g=b5b52b5e-f93b-4bbd-bf55-82e021729a0c
Don't Miss: A water interaction model for great video game boat physics ,http://www.gamasutra.com/view/news/237528/Water_interaction_model_for_boats_in_video_games.php
Video: Creating the unique visuals of Homeworld: Deserts of Kharak ,http://www.gamasutra.com/view/news/338508/Video_Creating_the_unique_visuals_of_Homeworld_Deserts_of_Kharak.php
Video: Recreating a classic era in automotive history inMafia III ,http://www.gamasutra.com/view/news/338601/Video_Recreating_a_classic_era_in_automotive_history_in_Mafia_III.php
Netflix is turning Dragon's Dogma into an anime series,http://www.gamasutra.com/view/news/338448/Netflix_is_turning_Dragons_Dogma_into_an_anime_series.php
"Dwarf Fortress is headed to Steam and itch.io, 17 years into its development ",http://www.gamasutra.com/view/news/338577/Dwarf_Fortress_is_headed_to_Steam_and_itchio_17_years_into_its_development.php
"Unknown NES wrestling game discovered, beaten 30 years later",https://arstechnica.com/gaming/2019/03/see-a-long-lost-licensed-nes-wrestling-game-discovered-30-years-later/
"The death of Flash is exaggerated, argues one Flash developer ",http://www.gamasutra.com/view/news/338593/The_death_of_Flash_is_exaggerated_argues_one_Flash_developer.php
The eyes have it: Creating believable digital humans,https://www.gamesindustry.biz/articles/2019-03-11-the-eyes-have-it-creating-believable-digital-humans
Blog: The psychology of matchmaking ,http://gamasutra.com/blogs/JoostVanDongen/20190308/338244/The_psychology_of_matchmaking.php
Blog: The two philosophies of gameplay ,http://www.gamasutra.com/blogs/JoshBycer/20190306/338056/The_Philosophies_of_Gameplay.php
Blog: How music enhances virtual presence ,http://www.gamasutra.com/blogs/WinifredPhillips/20190311/338340/Video_Game_Composers_How_Music_Enhances_Virtual_Presence_GDC_2019.php
DIGITAL,0
Elizabeth Warren Proposes Plan to Break Up Big Tech,https://variety.com/2019/politics/news/elizabeth-warren-big-tech-1203158386/
"Elizabeth Warren proposes breaking up Amazon, Google, and Facebook",https://arstechnica.com/tech-policy/2019/03/elizabeth-warren-proposes-breaking-up-amazon-google-and-facebook/
Here’s how we can break up Big Tech,https://medium.com/@teamwarren/heres-how-we-can-break-up-big-tech-9ad9e0da324c
How To Actually Break Up Big Tech,https://www.techdirt.com/articles/20190309/00004641769/how-to-actually-break-up-big-tech.shtml
"SXSWarren: A day later, Elizabeth Warren defends her Big Tech breakup proposal",https://arstechnica.com/tech-policy/2019/03/sxswarren-a-day-later-elizabeth-warren-defends-her-big-tech-breakup-proposal/
"Elizabeth Warren Wants To Break Up Amazon, Google And Facebook; But Does Her Plan Make Any Sense?",https://www.techdirt.com/articles/20190308/10591041767/elizabeth-warren-wants-to-break-up-amazon-google-facebook-does-her-plan-make-any-sense.shtml
Everyone's Overreacting To The Wrong Thing About Facebook (Briefly) Blocking Elizabeth Warren's Ads,https://www.techdirt.com/articles/20190312/00332641776/everyones-overreacting-to-wrong-thing-about-facebook-briefly-blocking-elizabeth-warrens-ads.shtml
It Sure Sounds Like Elizabeth Warren Wants To Bring The EU Copyright Directive Stateside,https://www.techdirt.com/articles/20190308/17593441768/it-sure-sounds-like-elizabeth-warren-wants-to-bring-eu-copyright-directive-stateside.shtml
House of Lords calls for new Digital Authority to regulate tech giants: New authority would oversee regulation to “facilitate the urgent change that is needed”,https://www.gamesindustry.biz/articles/2019-03-11-house-of-lords-calls-for-new-digital-authority-to-regulate-tech
"Seeking the ""right regulation"" of digital services: Lords' Communications Committee articulates its vision",https://www.lexology.com/library/detail.aspx?g=bda98f2d-6314-41f8-a4f8-2cc205807e80
UK lords call for central 'Digital Authority' to help regulate internet: They want government to take a more aggressive approach.,https://www.engadget.com/2019/03/09/uk-house-of-lords-digital-authority-report/
Regulating in a digital world (House of Lords),https://publications.parliament.uk/pa/ld201719/ldselect/ldcomuni/299/299.pdf
FTC Launches a New Task Force Dedicated to Monitoring the Tech Industry for Anti-Competitive Practices ,https://www.lexology.com/library/detail.aspx?g=5aa5e540-f269-46d0-9236-5411761399f1
Tim Berners-Lee on 30 years of the world wide web: 'We can get the web we want',https://www.theguardian.com/technology/2019/mar/12/tim-berners-lee-on-30-years-of-the-web-if-we-dream-a-little-we-can-get-the-web-we-want
Alexandria Ocasio-Cortez says democracy ‘has a Facebook problem’: The comments came after the platform took down ads criticizing its power,https://www.theverge.com/2019/3/12/18261597/facebook-amazon-alexandria-ocasio-cortez-aoc-elizabeth-warren-democracy-problem
"Facebook and Google to be fined for harmful content, Margot James says ",https://harvard.us10.list-manage.com/track/click?u=ef13e6d75b74b1791f13115cd&id=973600a1bb&e=90a8528ef9
As anti-vax movement gets weirder—and dumber—Facebook announces crackdown,https://arstechnica.com/science/2019/03/as-anti-vax-movement-gets-weirder-and-dumber-facebook-announces-crackdown/
Anti-vaxx 'mobs': doctors face harassment campaigns on Facebook ,https://harvard.us10.list-manage.com/track/click?u=ef13e6d75b74b1791f13115cd&id=724369d585&e=90a8528ef9
Zuckerberg: Facebook will shift focus to private networks instead of open ones,https://arstechnica.com/gadgets/2019/03/zuckerberg-facebook-will-shift-focus-to-private-networks-instead-of-open-ones/
"Why Facebook’s pivot to privacy could backfire: If all this is a PR stunt, it would be a very bad bargain",https://www.theverge.com/interface/2019/3/8/18255480/facebook-pivot-privacy-mark-zuckerberg-pr-stunt
Facebook Watch Sets New 24-Hour Viewing Record With Jada Pinkett Smith’s ‘Red Table Talk’,https://www.tubefilter.com/2019/03/07/facebook-watch-red-table-talk-view-count-jordyn-woods/
"Facebook Watch’s New Video Incubator To Act As Matchmaker For Publishers, Influencers",https://www.tubefilter.com/2019/03/13/facebook-watch-incubator-publishers-influencers/
Zuckerberg: Facebook is Building a Machine to Read Your Thoughts,https://futurism.com/facebook-brain-computer-interface-zuckerberg/
Facebook’s Privacy Cake,https://stratechery.com/2019/facebooks-privacy-cake/
"A Trip Inside Mark Zuckerberg’s Sprawling, Embattled Compound in Hawaii",https://gizmodo.com/a-trip-inside-mark-zuckerberg-s-sprawling-embattled-co-1833142966
"Yes, Actually, There Is A Lot Of Good News In Zuckerberg's New Plans For Facebook",https://www.techdirt.com/articles/20190306/18040441750/yes-actually-there-is-lot-good-news-zuckerbergs-new-plans-facebook.shtml
"Facebook is testing 'Watch Party' features on Instagram, too",https://www.engadget.com/2019/03/08/facebook-testing-watch-party-features-on-instagram-too/
"Facebook Watch’s New Video Incubator To Act As Matchmaker For Publishers, Influencers",https://www.tubefilter.com/2019/03/13/facebook-watch-incubator-publishers-influencers/
"When Facebook Goes Down, Don't Blame Hackers",https://www.wired.com/story/facebook-down-dont-blame-hackers/
Instagram founders on Snapchat and breaking up Facebook,https://www.engadget.com/2019/03/11/kevin-systrom-mike-krieger-instagram-founders-snapchat-facebook/
"Do People Want A Better Facebook, Or A Dead Facebook?",https://www.techdirt.com/articles/20190310/23214341772/do-people-want-better-facebook-dead-facebook.shtml
"How Two Years Of Instagram Stories Has Altered The Way We Love, Act And Play",https://www.esquire.com/uk/culture/a22588567/how-two-years-of-instagram-stories-has-altered-the-way-we-love-act-and-play/
Dangerous Speech and Misinformation Fans India – Pakistan War ,https://harvard.us10.list-manage.com/track/click?u=ef13e6d75b74b1791f13115cd&id=98e3c9d8e1&e=90a8528ef9
GOP funds messaging sites that look remarkably like trusted local news,https://arstechnica.com/gaming/2019/03/local-news-imitation-sites-deal-in-gop-political-messaging/
The Company That Owns MrBeast And Jake Paul’s YouTube MCN Just Lost Its Network Status For “Egregious and Repeated” Policy Violations,https://www.tubefilter.com/2019/03/08/mrbeast-jake-paul-mcn-lost-status/
"YouTube Terminated Yeah1’s MCN Status, So It’s Selling ScaleLab Back To Original Owners For $12 Million",https://tubefilter.us1.list-manage.com/track/click?u=f2851f4d2ca0bc9451d398851&id=ca4fc8eb1f&e=45729ae7ce
YouTube Terminates All ‘SevenAwesomeKids’ Channels After Owner Ian Rylett Pleads Guilty To Child Abuse,https://www.tubefilter.com/2019/03/13/youtube-sevenawesomekids-ian-rylett-terminated/
YouTube Star Olivia Jade Emerges As Beneficiary In College Bribery Scandal,https://www.tubefilter.com/2019/03/13/olivia-jade-college-bribery-scandal/
YouTube Continues Conspiracy Crackdown With Fact-Checking Cards On Search Results,https://www.tubefilter.com/2019/03/08/youtube-information-panels-conspiracy-theories/
Here’s How YouTube Fought ‘Captain Marvel’ Trolls,https://www.tubefilter.com/2019/03/08/heres-how-youtube-fought-captain-marvel-trolls/
YouTube fought Brie Larson trolls by changing its search algorithm,https://www.theverge.com/2019/3/8/18255265/brie-larson-youtube-captain-marvel-mcu-algorithm-review-bomb-trolls
Father Of Alison Parker Accuses YouTube Of Promoting Conspiracy Theories About His Daughter’s Murder,https://www.tubefilter.com/2019/03/07/father-of-alison-parker-accuses-youtube-of-promoting-conspiracy-theories-about-his-daughters-murder/
"Youtube’s Family Vloggers Worry About Their Future Amid Comment Section Crackdown: Without comments, YouTube is just ‘short films’",https://www.theverge.com/2019/3/7/18250689/youtube-family-vloggers-comments-sections-minors-predator-behavior-monetization
"YouTube, Louis Vuitton Host Emma Chamberlain At Paris Fashion Week",https://www.tubefilter.com/2019/03/07/youtube-louis-vuitton-emma-chamberlain/
Disaster In The Making: Article 13 Puts User Rights At A Disadvantage To Corporate Greed,https://www.techdirt.com/articles/20190307/18013141762/disaster-making-article-13-puts-user-rights-disadvantage-to-corporate-greed.shtml
Major Labels Split On Support For Article 13; As Music Publishers Whine That They Can't Make Money From Parodies,https://www.techdirt.com/articles/20190301/22225341713/major-labels-split-support-article-13-as-music-publishers-whine-that-they-cant-make-money-parodies.shtml
UN Human Rights Expert Warns EU Not To Pass Article 13,https://www.techdirt.com/articles/20190312/11132541783/un-human-rights-expert-warns-eu-not-to-pass-article-13.shtml
"German Government Confirms That Article 13 Does Mean Upload Filters, Destroying Claims To The Contrary Once And For All",https://www.techdirt.com/articles/20190313/08371241788/german-government-confirms-that-article-13-does-mean-upload-filters-destroying-claims-to-contrary-once-all.shtml
170 Years Of German Publishers Demanding Special Copyrights For The Press Because Of New Technology,https://www.techdirt.com/articles/20190307/17083841759/170-years-german-publishers-demanding-special-copyrights-press-because-new-technology.shtml
"YouTube Premium, YouTube Music Roll Out To Critical Indian Market",https://www.tubefilter.com/2019/03/13/youtube-premium-youtube-music-india/
Logan Paul Investigates One Of YouTube’s Top Conspiracies In ‘Flat Earth: To The Edge And Back’,https://www.tubefilter.com/2019/03/11/logan-paul-investigates-one-of-youtubes-top-conspiracies-in-flat-earth-to-the-edge-and-back/
Man Arrested After Driving Across U.S. To Confront Google Employees He Suspected Shut Down His YouTube Channel,https://www.tubefilter.com/2019/03/12/kyle-long-youtube-arrested-google-shut-down-channel/
"Google Hardware makes cuts to laptop and tablet development, cancels products",https://arstechnica.com/gadgets/2019/03/google-hardware-makes-cuts-to-laptop-and-tablet-development-cancels-products/
Identifying and acting on fake advertorial content,https://www.lexology.com/library/detail.aspx?g=cd5264cb-a01b-46e9-a058-6e234cf191c1
Court Ruling Provides Help to Brands Struggling with Grey Market Sales on Online Marketplaces,https://www.lexology.com/library/detail.aspx?g=7431c3eb-912c-440c-9f33-79f6b0d9d280
Elon Musk’s late-night announcement to raise prices and reopen some stores,https://arstechnica.com/cars/2019/03/elon-musks-late-night-announcement-to-raise-prices-and-reopen-some-stores/
Musk lawyers accuse SEC of “unconstitutional power grab”,https://arstechnica.com/cars/2019/03/musk-lawyers-accuse-sec-of-unconstitutional-power-grab/
EU Parliament Paid News Publisher AFP To Create Bogus Propaganda Video In Favor Of EU Copyright Directive,https://www.techdirt.com/articles/20190307/16175941758/eu-parliament-paid-news-publisher-afp-to-create-bogus-propaganda-video-favor-eu-copyright-directive.shtml
Beyond Hybrid War: How China Exploits Social Media to Sway American Opinion,https://www.recordedfuture.com/china-social-media-operations/
Netflix “Doubling Down” On Interactive Content After Success Of ‘Bandersnatch’,https://www.tubefilter.com/2019/03/13/netflix-bandersnatch-interactive-choose-your-own-adventure-content/
"Bandersnatch was a hit, so Netflix plans to make more interactive shows like it",https://arstechnica.com/gaming/2019/03/beyond-bandersnatch-netflix-plans-to-double-down-on-interactive-tv/
Netflix wants to make more interactive shows after the success of Black Mirror: Bandersnatch: Wacky comedies or romantic Choose Your Own Adventure-style stories are possibilities,https://www.theverge.com/2019/3/12/18261615/netflix-bandersnatch-black-mirror-more-interactive-shows-success
Netflix And ‘Crazy Rich Asians’ Producer Team On Scripted Thai Cave Rescue Series,https://www.tubefilter.com/2019/03/08/netflix-sk-global-thai-cave-rescue-series/
Netflix’s Formula 1: Drive to Survive finds pressure at the core of F1,https://arstechnica.com/gaming/2019/03/netflixs-formula-1-drive-to-survive-finds-pressure-at-the-core-of-f1/
Disney to close “vault” for good as it moves film library to streaming service,https://arstechnica.com/gadgets/2019/03/disney-to-close-vault-for-good-as-it-moves-film-library-to-streaming-service/
"With Fox, Disney will have an even bigger footprint in Hollywood",https://www.latimes.com/business/hollywood/la-et-mn-disney-fox-merger-how-will-change-hollywood-20190308-story.html
Amazon to close all its pop-up shops: Company said Wednesday it will focus on opening more bookstores instead,https://www.cbc.ca/news/business/amazon-to-close-pop-up-shops-1.5046732
Sorry Amazon: Philadelphia bans cashless stores,https://arstechnica.com/tech-policy/2019/03/sorry-amazon-philadelphia-bans-cashless-stores/
Hearst Opens L.A. Production Studio Ahead Of Clevver Relaunch In Coming Weeks,https://www.tubefilter.com/2019/03/06/hearst-to-relaunch-clevver-coming-weeks/
BuzzFeed CEO Says Company Is Generating Over $200: Million Annually From Businesses That Didn’t Exist Two Years Ago,https://variety.com/2019/digital/news/buzzfeed-ceo-jonah-peretti-over-200-million-revenue-1203158348/
Microsoft proves the critics right: We’re heading toward a Chrome-only Web,https://arstechnica.com/gadgets/2019/03/microsofts-new-skype-for-web-client-an-early-taste-of-the-browser-monoculture/
Nvidia to acquire high performance computing company Mellanox for $6.9 billion ,http://www.gamasutra.com/view/news/338409/Nvidia_to_acquire_high_performance_computing_company_Mellanox_for_69_billion.php
Allo Could Have Been Great. Google Blew It.,https://gizmodo.com/allo-could-have-been-great-google-blew-it-1833234241
Do You Really Need Disclosures in Google Ads?,https://www.lexology.com/library/detail.aspx?g=454bcfe8-7142-46d3-8926-9594ea696025
Google to Ban Political Ads in Canadian Election,https://www.lexology.com/library/detail.aspx?g=f9194d36-836d-4d37-89dc-e919a0bfa8ba
Boeing Promises Software Update For Plane That Crashed,https://futurism.com/the-byte/boeing-promises-software-update-plane-sunday-crash
eCommerce Executive Pleads Guilty to Price Fixing on Online Marketplace,https://www.lexology.com/library/detail.aspx?g=a75600df-2f8b-41e6-8484-c09a735f5f09
N.Y. Court of Appeals: No Difference Between “Private” and “Public” Posts in Discovery ,https://www.lexology.com/library/detail.aspx?g=3da05fd9-a2ba-4a86-9f69-edadb1348543
Windows 10 passes 800 million devices,https://arstechnica.com/gadgets/2019/03/windows-10-passes-800-million-devices/
Why I Regret Upgrading to an iPhone XS,https://gizmodo.com/why-i-regret-upgrading-to-an-iphone-xs-1832653430
A “serious” Windows 0-day is being actively exploited in the wild,https://arstechnica.com/information-technology/2019/03/attackers-are-actively-exploiting-a-serious-windows-zeroday-in-the-wild/
Competition Bureau chief expected to continue focus on Big Data,https://www.canadianlawyermag.com/legalfeeds/author/aidan-macnab/competition-bureau-chief-expected-to-continue-focus-on-big-data-16952/
Artificial Intelligence: Canadian and International Trends ,https://www.lexology.com/library/detail.aspx?g=0ed8c690-85f6-408f-88b1-553b05b85758
AI & Global Governance: The Advantages of Applying the International Human Rights Framework to Artificial Intelligence (Centre for Policy Research at United Nations University),https://harvard.us10.list-manage.com/track/click?u=ef13e6d75b74b1791f13115cd&id=5e9749ac64&e=90a8528ef9
"Laws should monitor bias in AI, experts say",https://www.canadianlawyermag.com/legalfeeds/author/anita-balakrishnan/laws-should-monitor-bias-in-ai-experts-say-16956/
U.S. Army Assures Public That Robot Tank System Adheres to AI Murder Policy,https://gizmodo.com/u-s-army-assures-public-that-robot-tank-system-adheres-1833061674
Could On-Demand Artificial Intelligence-based Authentication End The Fake News Menace?,https://www.entrepreneur.com/article/329643
Why Inclusion Matters for the Future of Artificial Intelligence,https://medium.com/berkman-klein-center/why-inclusion-matters-for-the-future-of-artificial-intelligence-2cb9d3b1b92b
“What can artificial intelligence teach us about fairness?”,http://www.storybench.org/what-can-artificial-intelligence-teach-us-about-fairness/
"Patch is using AI to write 3,000 articles a week ",https://harvard.us10.list-manage.com/track/click?u=ef13e6d75b74b1791f13115cd&id=e4f147d6fa&e=90a8528ef9
"Degenerate Feedback Loops in Recommender Systems (Ray Jiang, Silvia Chiappa, Tor Lattimore, Andras Agyorgy, Pushmeet Kohli)",https://arxiv.org/pdf/1902.10730v2.pdf
This Site Detects Whether Text Was Written by a Bot,https://futurism.com/detects-text-written-bot
Tech That Can “Detect Emotion” Could Keep You From Getting A Job,https://futurism.com/the-byte/emotion-detect-system-getting-job
See The Robot Head That Might Interview You For Your Next Job,https://futurism.com/the-byte/tengai-robot-head-job-interview
You’re Hired! This Site Generates Random Neural Network Résumés: These gibberish résumés show that HR might still require a human touch.,https://futurism.com/site-generates-random-resumes-ai
"Facial recognition's 'dirty little secret': Millions of online photos scraped without consent - People’s faces are being used without their permission, in order to power technology that could eventually be used to surveil them, legal experts say.",https://www.nbcnews.com/tech/internet/facial-recognition-s-dirty-little-secret-millions-online-photos-scraped-n981921
Using Creative Commons images to train artificial intelligence (Andres Guadamuz),https://www.technollama.co.uk/using-creative-commons-images-to-train-artificial-intelligence
Why IBM Thinks Quantum Computers Will Boost Machine Learning,https://futurism.com/ibm-quantum-computers-boost-machine-learning
"Data mining, AI and Media: A brave new world? ",https://www.lexology.com/library/detail.aspx?g=4d707e40-791a-4274-a341-8fed062e0f33
Why Self-Checkout Is and Has Always Been the Worst,https://gizmodo.com/why-self-checkout-is-and-has-always-been-the-worst-1833106695
Failure to Launch – OSC Director Determines That Bitcoin Fund is Not Ready for the Retail Spotlight,https://mcmillan.ca/Files/213116_Failure_to_Launch_-_OSC_Determines_Bitcoin_Fund_Not_Ready.pdf
The ability to say NO on the Internet,https://medium.com/codingrights/the-ability-to-say-no-on-the-internet-b4bdebdf46d7
Reclaiming the Data Commons,https://medium.com/berkman-klein-center/reclaiming-the-data-commons-cb890495b2ee
Twitter Defeats Yet Another Lawsuit from a Suspended User–Cox v. Twitter (Eric Goldman),https://blog.ericgoldman.org/archives/2019/03/twitter-defeats-yet-another-lawsuit-from-a-suspended-user-cox-v-twitter.htm
Section 230 Preempts Unfair Competition Law Claim–Taylor v. Twitter (Eric Goldman),https://blog.ericgoldman.org/archives/2019/03/section-230-preempts-unfair-competition-law-claim-taylor-v-twitter.htm
Appeals Court Upholds Dismissal Of Defamation Lawsuit Against Actor James Woods,https://www.techdirt.com/articles/20190303/17350841725/appeals-court-upholds-dismissal-defamation-lawsuit-against-actor-james-woods.shtml
Tweet Containing Question Mark Isn’t Defamatory–Boulger v. Woods,https://blog.ericgoldman.org/archives/2019/03/tweet-containing-question-mark-isnt-defamatory-boulger-v-woods.htm
"""We're killing our capacity for creativity"": Twitter VP Bruce Daisley explains why checking emails outside of work and the misuse of open plan offices is creating so much stress",https://www.gamesindustry.biz/articles/2019-03-07-were-killing-our-capacity-for-creativity
Twitter Debuts An In-App Camera Function,https://www.wired.com/story/twitter-new-camera-feature/
Twitter Launches Improved In-App Camera With 280-Second Video Limit,https://www.tubefilter.com/2019/03/13/twitter-improved-in-app-camera/
Filtering Software Defeats Another Lawsuit–PC Drivers v. Malwarebytes (Eric Goldman),https://blog.ericgoldman.org/archives/2019/03/filtering-software-defeats-another-lawsuit-pc-driver-v-malwarebytes.htm
Vice May Be Looking to Raise Another $200 Million (Report),https://variety.com/2019/biz/uncategorized/vice-200-million-funding-1203161748/
"After Laying Off 250 Staffers, Vice Is Now Looking To Raise $200 Million (Report)",https://www.tubefilter.com/2019/03/13/vice-looking-to-raise-200-million/
Copyright in the Digital Single Market - Link Tax,https://www.lexology.com/library/detail.aspx?g=7be057ef-c10b-4020-986d-ece575ed8aed
Empowering the Marginalized: Tales of the Digital Good Life,https://papers.ssrn.com/sol3/papers.cfm?abstract_id=3110456
You are seeing this because you are…:  Targeted advertisements are getting so specific they’ll choose the color of your next panties before you even knew you wanted them.,https://chupadados.codingrights.org/en/gendered-targeted-ads/
"Design Justice, A.I., and Escape from the Design Justice, A.I., and Escape from the Matrix of Domination",https://jods.mitpress.mit.edu/pub/costanza-chock
 Matrix of Domination,0
"Calling Doctor Google? Technology Adoption and Health Information Seeking among Low-income African-American Older Adults (Hyunjin Seo, Joseph Erba, Mugur Geana, Crystal Lumpkins)",http://journals.fcla.edu/jpic/article/view/104561
Cookie Policy,https://www.lexology.com/library/detail.aspx?g=d8ec1dbe-5030-4b75-bad9-cbb2a0c8bd1d
Website Law Alert - A Website’s Non-Compliance with the Americans with Disabilities Act or the Copyright Act Can be Expensive,https://www.lexology.com/library/detail.aspx?g=b6463973-cece-40cd-80a3-724ead29ae12
Is It Actually Okay To Touch Your Computer Screen?,https://gizmodo.com/is-it-actually-okay-to-touch-your-computer-screen-1832408962
Who are the next billion users and what do they want?,https://techcrunch.com/2019/03/08/who-are-the-next-billion-users-and-what-do-they-want/
A Book Review Of Code And Other Laws Of Cyberspace,https://www.techdirt.com/articles/20190215/11593941604/book-review-code-other-laws-cyberspace.shtml
Thoughtful design as the gateway to ethical data processing,https://www.lexology.com/library/detail.aspx?g=bdf61d9b-278d-4964-b771-f27abd6ae562
­­­,https://gizmodo.com/the-webs-dad-isnt-angry-just-disappointed-1833230969
"The Web's Dad Isn't Angry, Just Disappointed ",https://gizmodo.com/the-webs-dad-isnt-angry-just-disappointed-1833230969
German Football League To Try Novel Antipiracy Strategy Of Actually Having Legal Alternatives For Its Content,https://www.techdirt.com/articles/20190306/10112741745/german-football-league-to-try-novel-antipiracy-strategy-actually-having-legal-alternatives-content.shtml
The Trouble With Emojis,https://www.lexology.com/library/detail.aspx?g=d0dfa787-753d-4dac-9d16-45b83e75fb4d
'Sealioning' Is A Common Trolling Tactic On Social Media--What Is It?,https://www.forbes.com/sites/marshallshepherd/2019/03/07/sealioning-is-a-common-trolling-tactic-on-social-media-what-is-it/
Even the Queen Needs a Social Media Policy,https://www.lexology.com/library/detail.aspx?g=b2666501-55ea-4374-a555-017c1ec5c294
"Delete Never: The Digital Hoarders Who Collect Tumblrs, Medieval Manuscripts, and Terabytes of Text Files",https://gizmodo.com/delete-never-the-digital-hoarders-who-collect-tumblrs-1832900423
CREATIVITY,0
Supreme Court Says Of Course You Need To Register Your Copyright Before You Can Sue; Copyright Trolls & Hollywood Freak Out,https://www.techdirt.com/articles/20190307/00075841752/supreme-court-says-course-you-need-to-register-your-copyright-before-you-can-sue-copyright-trolls-hollywood-freak-out.shtml
"SCOTUS issues ruling in Fourth Estate Public Benefit Corp. v. Wall-Street.com, LLC ",https://www.lexology.com/library/detail.aspx?g=5d7a0b32-27ec-42f4-8ef7-e2e53bac2d99
Supreme Court Requires Completed Copyright Registration Before Filing Suit–Fourth Estate Public Benefit v. Wall-Street,https://blog.ericgoldman.org/archives/2019/03/supreme-court-requires-completed-copyright-registration-before-filing-suit-fourth-estate-public-benefit-v-wall-street-guest-blog-post.htm
Application Rejected: Supreme Court Requires Registration to Commence Copyright Infringement Suit ,https://www.lexology.com/library/detail.aspx?g=c0b999ec-ff8b-47de-9386-d97f0d82f198
More Copyright Policy Should Be As Boring As This Supreme Court Decision,https://www.techdirt.com/articles/20190307/17115841760/more-copyright-policy-should-be-as-boring-as-this-supreme-court-decision.shtml
Banksy wins pivotal case against museum for trademark infringement,https://www.lexology.com/library/detail.aspx?g=7886c1ae-5f54-4a37-a215-c444c312987e
"Court Rules “Transformed” Photo of Candidate is Fair Use, Not Infringement",https://www.lexology.com/library/detail.aspx?g=04126fd8-45bf-4a19-b6f2-e3984c41553d
"Big Fair Use Win For Mashups: 'Oh, The Places You'll Boldly Go!' Deemed To Be Fair Use",https://www.techdirt.com/articles/20190313/09554041791/big-fair-use-win-mashups-places-youll-boldly-go-deemed-to-be-fair-use.shtml
NYTimes Reporter Gets Bogus Defamation Lawsuit Dismissed As Judge Philosophizes About SLAPP Suits,https://www.techdirt.com/articles/20190228/23020841699/nytimes-reporter-gets-bogus-defamation-lawsuit-dismissed-as-judge-philosophizes-about-slapp-suits.shtml
Adverts must avoid harmful gender stereotypes ,https://www.lexology.com/library/detail.aspx?g=0ecb1dd9-c858-4581-b6ff-681cdc2211f7
"Race and Resistance Amid Feminism, Priming, and Capitalism: The (surprisingly-globalized) Visual of an Asian American Woman Activist",https://adanewmedia.org/2018/11/issue14-korn/
"Captain Marvel review: The hero we, and Marvel Studios, need right now",https://arstechnica.com/gaming/2019/03/captain-marvel-review-the-hero-we-and-marvel-studios-need-right-now/
Captain Marvel is kicking the box office's ass,https://news.avclub.com/captain-marvel-is-kicking-the-box-offices-ass-1833176894
"Captain Marvel's Box Office Success Defies Trolls: In spite of the haters and the controversy, Captain Marvel prevailed at the box office this weekend.",https://ca.ign.com/videos/2019/03/12/captain-marvels-box-office-success-defies-trolls-ign-now
Why It’s Actually Great That ‘Captain Marvel’ Is Just Fine ,https://variety.com/2019/film/news/captain-marvel-just-ok-fine-women-directors-1203158671/
Captain Marvel's Directors Discuss the Importance of the Women in Carol Danvers' Life,https://io9.gizmodo.com/captain-marvels-directors-discuss-the-importance-of-the-1833208871
calc.exe is now open source; there’s surprising depth in its ancient code,https://arstechnica.com/gadgets/2019/03/calc-exe-is-now-open-source-theres-surprising-depth-in-its-ancient-code/
5 Reasons You Really Need To Go See 'Captain Marvel',https://www.forbes.com/sites/erikkain/2019/03/08/5-reasons-you-really-need-to-go-see-captain-marvel/
Stan Lee’s Captain Marvel cameo raises a lot of questions,https://news.avclub.com/stan-lee-s-captain-marvel-cameo-raises-a-lot-of-questio-1833155850
Man angry his photo was used to prove all hipsters look alike — then learns it wasn't him,https://www.cbc.ca/radio/asithappens/man-angry-his-photo-was-used-to-prove-all-hipsters-look-alike-then-learns-it-wasn-t-him-1.5046933
Supreme Court Issues Two Important Decisions Tackling Copyright Registration and Litigation Costs,https://www.lexology.com/library/detail.aspx?g=2bfe6a27-20f3-440f-898b-ae72901ebbb6
DuBay v. King,https://www.lexology.com/library/detail.aspx?g=1e70bff9-5ae0-4cc8-ab2b-289e36aac70a
"Denver Club “Stripped” Carmen Electra and Others of Compensation, Suit Says ",https://www.lexology.com/library/detail.aspx?g=9945b363-1c24-411c-8c12-a16428f109de
How generational attitudes towards IP are impacting the law,https://www.lexology.com/library/detail.aspx?g=204ef495-4802-4837-a28d-488e1446562c
Was La Toya Jackson Right About Her Family All Along? ,https://jezebel.com/was-la-toya-jackson-right-about-her-family-all-along-1833194933
Music Writer From 1999 Predicts What Bands Will Still Be Around in 2019,https://paleofuture.gizmodo.com/music-writer-from-1999-predicts-what-bands-will-still-b-1832953581
"MEDIA, COMMUNICATIONS & NET NEUTRALITY",0
"I feel cheated': Big telcos hike prices for $60 plans with 10 GB, sparking complaints",https://www.cbc.ca/news/business/telus-rogers-bell-60-10-gb-plan-price-1.5039718
·       ,0
The Federal Government Signals a New Policy Approach for the CRTC in the Telecom Sector (Stephen Zolf),https://www.lexology.com/library/detail.aspx?g=f5451ffd-e7e1-4b3f-8cfb-45cafcfa34ec
Net Neutrality Update: House Hearing and Proposed Legislation,https://www.lexology.com/library/detail.aspx?g=14a5b715-c3af-4d6d-ab63-2a8c30fa80d8
New Bill Would Enshrine The FCC's Net Neutrality Rules Into Standalone Federal Law,https://www.techdirt.com/articles/20190306/09464141744/new-bill-would-enshrine-fccs-net-neutrality-rules-into-standalone-federal-law.shtml
John Oliver Robocalls Ajit Pai For Not Doing More To Thwart Robocalls,https://www.techdirt.com/articles/20190312/09542641780/john-oliver-robocalls-ajit-pai-not-doing-more-to-thwart-robocalls.shtml
John Oliver fights robocalls… by robocalling Ajit Pai and the FCC,https://arstechnica.com/tech-policy/2019/03/john-oliver-fights-robocalls-by-robocalling-ajit-pai-and-the-fcc/
Combatting Illegal Robocalls: FCC’s “Top Consumer Protection Priority” ,https://www.lexology.com/library/detail.aspx?g=7c0214c2-6e93-4873-a29c-90eac77989a2
T-Mobile Still Pretending That Staying At Trump's DC Hotel Isn't An Obvious Ploy To Gain Merger Approval,https://www.techdirt.com/articles/20190305/08132741735/t-mobile-still-pretending-that-staying-trumps-dc-hotel-isnt-obvious-ploy-to-gain-merger-approval.shtml
"Report Claims Trump Pushed For AT&T Time Warner DOJ Lawsuit To Hurt CNN, Help Rupert Murdoch",https://www.techdirt.com/articles/20190304/09131041727/report-claims-trump-pushed-att-time-warner-doj-lawsuit-to-hurt-cnn-help-rupert-murdoch.shtml
"AT&T CFO Says Growing WarnerMedia, Reducing Debt Are Key Priorities",https://www.forbes.com/sites/jillgoldsmith/2019/03/12/att-cfo-says-growing-warnermedia-reducing-debt-are-key-priorities/
AT&T raises DirecTV Now price—again—after promising lower post-merger bills,https://arstechnica.com/information-technology/2019/03/att-raises-directv-now-price-again-after-promising-lower-post-merger-bills/
Sprint steps up fight against AT&T’s “fake 5G” with full-page Sunday NYT ad,https://arstechnica.com/information-technology/2019/03/sprint-warns-customers-dont-be-fooled-by-atts-fake-5g/
"Yes, 5G will cost you more—Verizon plans $10 add-on charge for 5G access",https://arstechnica.com/information-technology/2019/03/verizon-to-charge-10-extra-for-5g-but-wont-do-any-throttling-for-now/
Russian Telecom Giant Agrees to Pay $850 Million in Penalties to Resolve Alleged Involvement in FCPA Bribery Scheme,https://www.lexology.com/library/detail.aspx?g=aaff810d-133e-4dd0-8476-7d74e1876731
Tucker Carlson’s war on the ruling class is a master class of misdirection,https://www.mediamatters.org/blog/2019/02/28/tucker-carlson-s-war-ruling-class-master-class-misdirection/222887
"DramaFever’s Former Finance VP Sues Warner Bros., Alleging Anti-Asian Bias",https://www.tubefilter.com/2019/03/07/dramafevers-vp-sues-warner-bros-anti-asian-bias/
"Do TV Program Ratings Do a Good Job Telling Families Which Programs are Appropriate for Kids to Watch? Congress Wants to Know, So the FCC is Asking ",https://www.lexology.com/library/detail.aspx?g=3b9db8be-9689-47e3-a637-941e3d80e38a
Cable and satellite TV sinks again as online streaming soars,https://arstechnica.com/information-technology/2019/03/cable-and-satellite-tv-sinks-again-as-online-streaming-soars/
Ajit Pai’s rosy broadband deployment claim may be based on gigantic error,https://arstechnica.com/tech-policy/2019/03/ajit-pais-rosy-broadband-deployment-claim-may-be-based-on-gigantic-error/
Much Of The Broadband Growth Ajit Pai Credits To Killing Net Neutrality Was Actually Due To A Clerical Error,https://www.techdirt.com/articles/20190307/14391341756/much-broadband-growth-ajit-pai-credits-to-killing-net-neutrality-was-actually-due-to-clerical-error.shtml
New York hasn’t followed through on order to kick Charter out of state,https://arstechnica.com/tech-policy/2019/03/new-york-hasnt-followed-through-on-order-to-kick-charter-out-of-state/
"Portland Lawmakers Want to Block 5G Rollout, Citing Shaky Health Risks",https://gizmodo.com/portland-lawmakers-want-to-block-5g-rollout-citing-sha-1833253078
A Call to Regulate E-Cig Advertising - What is the FCC’s Role in Regulating Advertising For the Vices? ,https://www.lexology.com/library/detail.aspx?g=8ec7e4ff-ce24-4c7a-9704-9ee66ac365f7
Researchers Tune In To Smallest Radio Frequency In Quantum Mechanics,https://futurism.com/the-byte/smallest-radio-frequency-quantum-mechanics
SURVEILLANCE & PRIVACY,0
"Redefining our privacy expectations: The SCC’s recent Jarvis ruling will have broad effects, particularly in the grey areas, on the use of surveillance technology.",http://nationalmagazine.ca/en-ca/articles/law/hot-topics-in-law/2019-(1)/redefining-our-privacy-expectations
Be Careful What You Wish For: 'Privacy Protection' Now Used As An Excuse To Cut Off Investigative Journalists From Key Database,https://www.techdirt.com/articles/20190223/21360941661/be-careful-what-you-wish-privacy-protection-now-used-as-excuse-to-cut-off-investigative-journalists-key-database.shtml
New Florida Bill Seeks To Bury Recordings Of Mass Shootings,https://www.techdirt.com/articles/20190225/17305941673/new-florida-bill-seeks-to-bury-recordings-mass-shootings.shtml
"A world of hurt after GoDaddy, Apple, and Google misissue >1 million certificates",https://arstechnica.com/information-technology/2019/03/godaddy-apple-and-google-goof-results-in-1-million-misissued-certificates/
Appeals Court Doesn't Buy Government's National Security Assertions; Says Lawsuit Against FBI Can Continue,https://www.techdirt.com/articles/20190301/21480441711/appeals-court-doesnt-buy-governments-national-security-assertions-says-lawsuit-against-fbi-can-continue.shtml
OSFI Provides New Guidance on Technology and Cybersecurity,https://stikeman.com/en-ca/kh/canadian-securities-law/OSFI-Provides-New-Guidance-on-Technology-and-Cybersecurity
United States Federal Trade Commission strikes one for children’s privacy,https://www.lexology.com/library/detail.aspx?g=cef8996a-19e1-4ec8-b44f-fb266c6d486d
FTC Not Kidding Around with TikTok’s Record-Setting COPPA Fine - Five Steps to Reduce Your Risk Now,https://www.lexology.com/library/detail.aspx?g=fbef3f02-af43-4d3c-89f9-d37685370e80
Data Privacy Alert: TikTok to Pay $5.7 Million for Violating COPPA,https://www.lexology.com/library/detail.aspx?g=40f9f886-0e15-4757-840e-b5fbaf4f248e
FTC Enters Consent Decree with TikTok and Issues Largest-Ever Fine Under COPPA ,https://www.lexology.com/library/detail.aspx?g=c72666fb-bdc5-4eaf-bf99-41bee13ac2cf
JavaScript infinite alert prank lands 13-year-old Japanese girl in hot water,https://arstechnica.com/tech-policy/2019/03/japanese-police-charge-13-year-old-girl-for-infinite-javascript-popup-prank/
Citrix says its network was breached by international criminals,https://arstechnica.com/information-technology/2019/03/citrix-says-its-network-was-breached-by-international-criminals/
"Three men cop to $21 million vishing and smishing scheme: Phone-based scam may be low-tech, but it netted big bucks, prosecutors say.",https://arstechnica.com/information-technology/2019/03/3-men-plead-guilty-to-vishing-and-smishing-scheme-estimated-to-cost-21-million/
An email marketing company left 809 million records exposed online,https://arstechnica.com/information-technology/2019/03/an-email-marketing-company-left-809-million-records-exposed-online/
"A brief history of Wi-Fi security protocols from “oh my, that’s bad” to WPA3",https://arstechnica.com/gadgets/2019/03/802-eleventy-who-goes-there-wpa3-wi-fi-security-and-what-came-before-it/
"CBP Put A Bunch Of Journalists, Immigration Lawyers, And Activists On A Secret Watchlist",https://www.techdirt.com/articles/20190306/19554641751/cbp-put-bunch-journalists-immigration-lawyers-activists-secret-watchlist.shtml
Clapper Continues To Pretend He Didn't Lie To Congress About Domestic Surveillance Programs,https://www.techdirt.com/articles/20190306/16444741749/clapper-continues-to-pretend-he-didnt-lie-to-congress-about-domestic-surveillance-programs.shtml
Owner of MAGA-Friendly Yelp Knockoff Threatens to Call FBI After Researcher Exposes Security Holes,https://gizmodo.com/owner-of-maga-friendly-yelp-knockoff-threatens-to-call-1833247075
"“Yelp, but for MAGA” turns red over security disclosure, threatens researcher",https://arstechnica.com/information-technology/2019/03/yelp-but-for-maga-turns-red-over-security-disclosure-threatens-researcher/
Major Data Privacy Changes at Tech Companies Are a Sign of the Times ,https://www.lexology.com/library/detail.aspx?g=ed781eed-afec-4df6-bcf1-e23706948202
"The Galaxy S10’s face unlock fooled by pictures, siblings",https://arstechnica.com/gadgets/2019/03/the-galaxy-s10s-face-unlock-fooled-by-pictures-siblings/
Why people think their phones are listening to them ,https://harvard.us10.list-manage.com/track/click?u=ef13e6d75b74b1791f13115cd&id=e77fb4fbd9&e=90a8528ef9
"It's Apparently Easy To Pretend To Be A Cop, Grab Location Data From Cellular Carriers",https://www.techdirt.com/articles/20190306/07242441739/apparently-easy-to-pretend-to-be-cop-grab-location-data-cellular-carriers.shtml
FOIA Documents Detail DHS/CBP's Rules-Free Rollout Of Biometric Scanning Program,https://www.techdirt.com/articles/20190311/17502341774/foia-documents-detail-dhs-cbps-rules-free-rollout-biometric-scanning-program.shtml
Thailand Decides To Make Its Terrible Cybersecurity Law Even Worse,https://www.techdirt.com/articles/20190302/21273241720/thailand-decides-to-make-terrible-cybersecurity-law-even-worse.shtml
